-- 000008_seed_data.up.sql
-- Seed data for development/testing

-- Test teams (inherit_global_rules is always true - not configurable)
INSERT INTO teams (id, name, settings, created_at) VALUES
    ('a0000000-0000-0000-0000-000000000001', 'Engineering', '{"drift_threshold_minutes": 60, "inherit_global_rules": true}', NOW()),
    ('a0000000-0000-0000-0000-000000000002', 'Design', '{"drift_threshold_minutes": 120, "inherit_global_rules": true}', NOW()),
    ('a0000000-0000-0000-0000-000000000003', 'Operations', '{"drift_threshold_minutes": 30, "inherit_global_rules": true}', NOW())
ON CONFLICT (id) DO NOTHING;

-- Test users (password is 'Password123' hashed with bcrypt cost 12)
-- Hash generated with: go run ./cmd/genhash Password123
INSERT INTO users (id, email, name, password_hash, auth_provider, team_id, is_active, created_at) VALUES
    ('c0000000-0000-0000-0000-000000000001', 'admin@example.com', 'Marcus Chen', '$2a$12$TUdEAhlwwAwhrnp52ddyO.2zSwUdVLfUz.az5dGgQcTiCBs5hO9.G', 'local', 'a0000000-0000-0000-0000-000000000001', true, NOW()),
    ('c0000000-0000-0000-0000-000000000002', 'user@example.com', 'Jessica Torres', '$2a$12$TUdEAhlwwAwhrnp52ddyO.2zSwUdVLfUz.az5dGgQcTiCBs5hO9.G', 'local', 'a0000000-0000-0000-0000-000000000001', true, NOW()),
    ('c0000000-0000-0000-0000-000000000003', 'designer@example.com', 'Rachel Kim', '$2a$12$TUdEAhlwwAwhrnp52ddyO.2zSwUdVLfUz.az5dGgQcTiCBs5hO9.G', 'local', 'a0000000-0000-0000-0000-000000000002', true, NOW()),
    -- Test agent users (password is 'Test1234' hashed with bcrypt cost 12)
    ('c0000000-0000-0000-0000-000000000011', 'alex.rivera@test.local', 'Alex Rivera', '$2a$12$mNnCzm8PEp14utwm7SkZQueqL.DcunV2i2fgWtTO/o5/.fvJ1K0/W', 'local', 'a0000000-0000-0000-0000-000000000001', true, NOW()),
    ('c0000000-0000-0000-0000-000000000012', 'jordan.kim@test.local', 'Jordan Kim', '$2a$12$mNnCzm8PEp14utwm7SkZQueqL.DcunV2i2fgWtTO/o5/.fvJ1K0/W', 'local', 'a0000000-0000-0000-0000-000000000001', true, NOW()),
    ('c0000000-0000-0000-0000-000000000013', 'sarah.chen@test.local', 'Sarah Chen', '$2a$12$mNnCzm8PEp14utwm7SkZQueqL.DcunV2i2fgWtTO/o5/.fvJ1K0/W', 'local', 'a0000000-0000-0000-0000-000000000002', true, NOW()),
    ('c0000000-0000-0000-0000-000000000014', 'mike.johnson@test.local', 'Mike Johnson', '$2a$12$mNnCzm8PEp14utwm7SkZQueqL.DcunV2i2fgWtTO/o5/.fvJ1K0/W', 'local', 'a0000000-0000-0000-0000-000000000003', true, NOW()),
    ('c0000000-0000-0000-0000-000000000015', 'emma.wilson@test.local', 'Emma Wilson', '$2a$12$mNnCzm8PEp14utwm7SkZQueqL.DcunV2i2fgWtTO/o5/.fvJ1K0/W', 'local', 'a0000000-0000-0000-0000-000000000003', true, NOW()),
    -- Additional Engineering team members (40 users)
    ('c0000000-0000-0000-0000-000000000020', 'james.smith@test.local', 'James Smith', '$2a$12$mNnCzm8PEp14utwm7SkZQueqL.DcunV2i2fgWtTO/o5/.fvJ1K0/W', 'local', 'a0000000-0000-0000-0000-000000000001', true, NOW()),
    ('c0000000-0000-0000-0000-000000000021', 'olivia.brown@test.local', 'Olivia Brown', '$2a$12$mNnCzm8PEp14utwm7SkZQueqL.DcunV2i2fgWtTO/o5/.fvJ1K0/W', 'local', 'a0000000-0000-0000-0000-000000000001', true, NOW()),
    ('c0000000-0000-0000-0000-000000000022', 'liam.garcia@test.local', 'Liam Garcia', '$2a$12$mNnCzm8PEp14utwm7SkZQueqL.DcunV2i2fgWtTO/o5/.fvJ1K0/W', 'local', 'a0000000-0000-0000-0000-000000000001', true, NOW()),
    ('c0000000-0000-0000-0000-000000000023', 'sophia.martinez@test.local', 'Sophia Martinez', '$2a$12$mNnCzm8PEp14utwm7SkZQueqL.DcunV2i2fgWtTO/o5/.fvJ1K0/W', 'local', 'a0000000-0000-0000-0000-000000000001', true, NOW()),
    ('c0000000-0000-0000-0000-000000000024', 'noah.anderson@test.local', 'Noah Anderson', '$2a$12$mNnCzm8PEp14utwm7SkZQueqL.DcunV2i2fgWtTO/o5/.fvJ1K0/W', 'local', 'a0000000-0000-0000-0000-000000000001', true, NOW()),
    ('c0000000-0000-0000-0000-000000000025', 'ava.taylor@test.local', 'Ava Taylor', '$2a$12$mNnCzm8PEp14utwm7SkZQueqL.DcunV2i2fgWtTO/o5/.fvJ1K0/W', 'local', 'a0000000-0000-0000-0000-000000000001', true, NOW()),
    ('c0000000-0000-0000-0000-000000000026', 'william.thomas@test.local', 'William Thomas', '$2a$12$mNnCzm8PEp14utwm7SkZQueqL.DcunV2i2fgWtTO/o5/.fvJ1K0/W', 'local', 'a0000000-0000-0000-0000-000000000001', true, NOW()),
    ('c0000000-0000-0000-0000-000000000027', 'isabella.hernandez@test.local', 'Isabella Hernandez', '$2a$12$mNnCzm8PEp14utwm7SkZQueqL.DcunV2i2fgWtTO/o5/.fvJ1K0/W', 'local', 'a0000000-0000-0000-0000-000000000001', true, NOW()),
    ('c0000000-0000-0000-0000-000000000028', 'benjamin.moore@test.local', 'Benjamin Moore', '$2a$12$mNnCzm8PEp14utwm7SkZQueqL.DcunV2i2fgWtTO/o5/.fvJ1K0/W', 'local', 'a0000000-0000-0000-0000-000000000001', true, NOW()),
    ('c0000000-0000-0000-0000-000000000029', 'mia.jackson@test.local', 'Mia Jackson', '$2a$12$mNnCzm8PEp14utwm7SkZQueqL.DcunV2i2fgWtTO/o5/.fvJ1K0/W', 'local', 'a0000000-0000-0000-0000-000000000001', true, NOW()),
    ('c0000000-0000-0000-0000-000000000030', 'lucas.martin@test.local', 'Lucas Martin', '$2a$12$mNnCzm8PEp14utwm7SkZQueqL.DcunV2i2fgWtTO/o5/.fvJ1K0/W', 'local', 'a0000000-0000-0000-0000-000000000001', true, NOW()),
    ('c0000000-0000-0000-0000-000000000031', 'charlotte.lee@test.local', 'Charlotte Lee', '$2a$12$mNnCzm8PEp14utwm7SkZQueqL.DcunV2i2fgWtTO/o5/.fvJ1K0/W', 'local', 'a0000000-0000-0000-0000-000000000001', true, NOW()),
    ('c0000000-0000-0000-0000-000000000032', 'henry.perez@test.local', 'Henry Perez', '$2a$12$mNnCzm8PEp14utwm7SkZQueqL.DcunV2i2fgWtTO/o5/.fvJ1K0/W', 'local', 'a0000000-0000-0000-0000-000000000001', true, NOW()),
    ('c0000000-0000-0000-0000-000000000033', 'amelia.white@test.local', 'Amelia White', '$2a$12$mNnCzm8PEp14utwm7SkZQueqL.DcunV2i2fgWtTO/o5/.fvJ1K0/W', 'local', 'a0000000-0000-0000-0000-000000000001', true, NOW()),
    ('c0000000-0000-0000-0000-000000000034', 'alexander.harris@test.local', 'Alexander Harris', '$2a$12$mNnCzm8PEp14utwm7SkZQueqL.DcunV2i2fgWtTO/o5/.fvJ1K0/W', 'local', 'a0000000-0000-0000-0000-000000000001', true, NOW()),
    ('c0000000-0000-0000-0000-000000000035', 'harper.sanchez@test.local', 'Harper Sanchez', '$2a$12$mNnCzm8PEp14utwm7SkZQueqL.DcunV2i2fgWtTO/o5/.fvJ1K0/W', 'local', 'a0000000-0000-0000-0000-000000000001', true, NOW()),
    ('c0000000-0000-0000-0000-000000000036', 'daniel.clark@test.local', 'Daniel Clark', '$2a$12$mNnCzm8PEp14utwm7SkZQueqL.DcunV2i2fgWtTO/o5/.fvJ1K0/W', 'local', 'a0000000-0000-0000-0000-000000000001', true, NOW()),
    ('c0000000-0000-0000-0000-000000000037', 'evelyn.ramirez@test.local', 'Evelyn Ramirez', '$2a$12$mNnCzm8PEp14utwm7SkZQueqL.DcunV2i2fgWtTO/o5/.fvJ1K0/W', 'local', 'a0000000-0000-0000-0000-000000000001', true, NOW()),
    ('c0000000-0000-0000-0000-000000000038', 'matthew.lewis@test.local', 'Matthew Lewis', '$2a$12$mNnCzm8PEp14utwm7SkZQueqL.DcunV2i2fgWtTO/o5/.fvJ1K0/W', 'local', 'a0000000-0000-0000-0000-000000000001', true, NOW()),
    ('c0000000-0000-0000-0000-000000000039', 'abigail.robinson@test.local', 'Abigail Robinson', '$2a$12$mNnCzm8PEp14utwm7SkZQueqL.DcunV2i2fgWtTO/o5/.fvJ1K0/W', 'local', 'a0000000-0000-0000-0000-000000000001', true, NOW()),
    ('c0000000-0000-0000-0000-000000000040', 'david.walker@test.local', 'David Walker', '$2a$12$mNnCzm8PEp14utwm7SkZQueqL.DcunV2i2fgWtTO/o5/.fvJ1K0/W', 'local', 'a0000000-0000-0000-0000-000000000001', true, NOW()),
    ('c0000000-0000-0000-0000-000000000041', 'emily.young@test.local', 'Emily Young', '$2a$12$mNnCzm8PEp14utwm7SkZQueqL.DcunV2i2fgWtTO/o5/.fvJ1K0/W', 'local', 'a0000000-0000-0000-0000-000000000001', true, NOW()),
    ('c0000000-0000-0000-0000-000000000042', 'joseph.allen@test.local', 'Joseph Allen', '$2a$12$mNnCzm8PEp14utwm7SkZQueqL.DcunV2i2fgWtTO/o5/.fvJ1K0/W', 'local', 'a0000000-0000-0000-0000-000000000001', true, NOW()),
    ('c0000000-0000-0000-0000-000000000043', 'elizabeth.king@test.local', 'Elizabeth King', '$2a$12$mNnCzm8PEp14utwm7SkZQueqL.DcunV2i2fgWtTO/o5/.fvJ1K0/W', 'local', 'a0000000-0000-0000-0000-000000000001', true, NOW()),
    ('c0000000-0000-0000-0000-000000000044', 'samuel.wright@test.local', 'Samuel Wright', '$2a$12$mNnCzm8PEp14utwm7SkZQueqL.DcunV2i2fgWtTO/o5/.fvJ1K0/W', 'local', 'a0000000-0000-0000-0000-000000000001', true, NOW()),
    ('c0000000-0000-0000-0000-000000000045', 'sofia.scott@test.local', 'Sofia Scott', '$2a$12$mNnCzm8PEp14utwm7SkZQueqL.DcunV2i2fgWtTO/o5/.fvJ1K0/W', 'local', 'a0000000-0000-0000-0000-000000000001', true, NOW()),
    ('c0000000-0000-0000-0000-000000000046', 'jackson.torres@test.local', 'Jackson Torres', '$2a$12$mNnCzm8PEp14utwm7SkZQueqL.DcunV2i2fgWtTO/o5/.fvJ1K0/W', 'local', 'a0000000-0000-0000-0000-000000000001', true, NOW()),
    ('c0000000-0000-0000-0000-000000000047', 'avery.nguyen@test.local', 'Avery Nguyen', '$2a$12$mNnCzm8PEp14utwm7SkZQueqL.DcunV2i2fgWtTO/o5/.fvJ1K0/W', 'local', 'a0000000-0000-0000-0000-000000000001', true, NOW()),
    ('c0000000-0000-0000-0000-000000000048', 'sebastian.hill@test.local', 'Sebastian Hill', '$2a$12$mNnCzm8PEp14utwm7SkZQueqL.DcunV2i2fgWtTO/o5/.fvJ1K0/W', 'local', 'a0000000-0000-0000-0000-000000000001', true, NOW()),
    ('c0000000-0000-0000-0000-000000000049', 'scarlett.flores@test.local', 'Scarlett Flores', '$2a$12$mNnCzm8PEp14utwm7SkZQueqL.DcunV2i2fgWtTO/o5/.fvJ1K0/W', 'local', 'a0000000-0000-0000-0000-000000000001', true, NOW()),
    ('c0000000-0000-0000-0000-000000000050', 'aiden.green@test.local', 'Aiden Green', '$2a$12$mNnCzm8PEp14utwm7SkZQueqL.DcunV2i2fgWtTO/o5/.fvJ1K0/W', 'local', 'a0000000-0000-0000-0000-000000000001', true, NOW()),
    ('c0000000-0000-0000-0000-000000000051', 'aria.adams@test.local', 'Aria Adams', '$2a$12$mNnCzm8PEp14utwm7SkZQueqL.DcunV2i2fgWtTO/o5/.fvJ1K0/W', 'local', 'a0000000-0000-0000-0000-000000000001', true, NOW()),
    ('c0000000-0000-0000-0000-000000000052', 'owen.nelson@test.local', 'Owen Nelson', '$2a$12$mNnCzm8PEp14utwm7SkZQueqL.DcunV2i2fgWtTO/o5/.fvJ1K0/W', 'local', 'a0000000-0000-0000-0000-000000000001', true, NOW()),
    ('c0000000-0000-0000-0000-000000000053', 'chloe.baker@test.local', 'Chloe Baker', '$2a$12$mNnCzm8PEp14utwm7SkZQueqL.DcunV2i2fgWtTO/o5/.fvJ1K0/W', 'local', 'a0000000-0000-0000-0000-000000000001', true, NOW()),
    ('c0000000-0000-0000-0000-000000000054', 'elijah.gonzalez@test.local', 'Elijah Gonzalez', '$2a$12$mNnCzm8PEp14utwm7SkZQueqL.DcunV2i2fgWtTO/o5/.fvJ1K0/W', 'local', 'a0000000-0000-0000-0000-000000000001', true, NOW()),
    ('c0000000-0000-0000-0000-000000000055', 'penelope.carter@test.local', 'Penelope Carter', '$2a$12$mNnCzm8PEp14utwm7SkZQueqL.DcunV2i2fgWtTO/o5/.fvJ1K0/W', 'local', 'a0000000-0000-0000-0000-000000000001', true, NOW()),
    ('c0000000-0000-0000-0000-000000000056', 'jack.mitchell@test.local', 'Jack Mitchell', '$2a$12$mNnCzm8PEp14utwm7SkZQueqL.DcunV2i2fgWtTO/o5/.fvJ1K0/W', 'local', 'a0000000-0000-0000-0000-000000000001', true, NOW()),
    ('c0000000-0000-0000-0000-000000000057', 'layla.perez@test.local', 'Layla Perez', '$2a$12$mNnCzm8PEp14utwm7SkZQueqL.DcunV2i2fgWtTO/o5/.fvJ1K0/W', 'local', 'a0000000-0000-0000-0000-000000000001', true, NOW()),
    ('c0000000-0000-0000-0000-000000000058', 'luke.roberts@test.local', 'Luke Roberts', '$2a$12$mNnCzm8PEp14utwm7SkZQueqL.DcunV2i2fgWtTO/o5/.fvJ1K0/W', 'local', 'a0000000-0000-0000-0000-000000000001', true, NOW()),
    ('c0000000-0000-0000-0000-000000000059', 'riley.turner@test.local', 'Riley Turner', '$2a$12$mNnCzm8PEp14utwm7SkZQueqL.DcunV2i2fgWtTO/o5/.fvJ1K0/W', 'local', 'a0000000-0000-0000-0000-000000000001', true, NOW()),
    -- Additional Design team members (35 users)
    ('c0000000-0000-0000-0000-000000000060', 'zoey.phillips@test.local', 'Zoey Phillips', '$2a$12$mNnCzm8PEp14utwm7SkZQueqL.DcunV2i2fgWtTO/o5/.fvJ1K0/W', 'local', 'a0000000-0000-0000-0000-000000000002', true, NOW()),
    ('c0000000-0000-0000-0000-000000000061', 'gabriel.campbell@test.local', 'Gabriel Campbell', '$2a$12$mNnCzm8PEp14utwm7SkZQueqL.DcunV2i2fgWtTO/o5/.fvJ1K0/W', 'local', 'a0000000-0000-0000-0000-000000000002', true, NOW()),
    ('c0000000-0000-0000-0000-000000000062', 'nora.parker@test.local', 'Nora Parker', '$2a$12$mNnCzm8PEp14utwm7SkZQueqL.DcunV2i2fgWtTO/o5/.fvJ1K0/W', 'local', 'a0000000-0000-0000-0000-000000000002', true, NOW()),
    ('c0000000-0000-0000-0000-000000000063', 'carter.evans@test.local', 'Carter Evans', '$2a$12$mNnCzm8PEp14utwm7SkZQueqL.DcunV2i2fgWtTO/o5/.fvJ1K0/W', 'local', 'a0000000-0000-0000-0000-000000000002', true, NOW()),
    ('c0000000-0000-0000-0000-000000000064', 'lily.edwards@test.local', 'Lily Edwards', '$2a$12$mNnCzm8PEp14utwm7SkZQueqL.DcunV2i2fgWtTO/o5/.fvJ1K0/W', 'local', 'a0000000-0000-0000-0000-000000000002', true, NOW()),
    ('c0000000-0000-0000-0000-000000000065', 'jayden.collins@test.local', 'Jayden Collins', '$2a$12$mNnCzm8PEp14utwm7SkZQueqL.DcunV2i2fgWtTO/o5/.fvJ1K0/W', 'local', 'a0000000-0000-0000-0000-000000000002', true, NOW()),
    ('c0000000-0000-0000-0000-000000000066', 'hannah.stewart@test.local', 'Hannah Stewart', '$2a$12$mNnCzm8PEp14utwm7SkZQueqL.DcunV2i2fgWtTO/o5/.fvJ1K0/W', 'local', 'a0000000-0000-0000-0000-000000000002', true, NOW()),
    ('c0000000-0000-0000-0000-000000000067', 'wyatt.sanchez@test.local', 'Wyatt Sanchez', '$2a$12$mNnCzm8PEp14utwm7SkZQueqL.DcunV2i2fgWtTO/o5/.fvJ1K0/W', 'local', 'a0000000-0000-0000-0000-000000000002', true, NOW()),
    ('c0000000-0000-0000-0000-000000000068', 'addison.morris@test.local', 'Addison Morris', '$2a$12$mNnCzm8PEp14utwm7SkZQueqL.DcunV2i2fgWtTO/o5/.fvJ1K0/W', 'local', 'a0000000-0000-0000-0000-000000000002', true, NOW()),
    ('c0000000-0000-0000-0000-000000000069', 'dylan.rogers@test.local', 'Dylan Rogers', '$2a$12$mNnCzm8PEp14utwm7SkZQueqL.DcunV2i2fgWtTO/o5/.fvJ1K0/W', 'local', 'a0000000-0000-0000-0000-000000000002', true, NOW()),
    ('c0000000-0000-0000-0000-000000000070', 'aubrey.reed@test.local', 'Aubrey Reed', '$2a$12$mNnCzm8PEp14utwm7SkZQueqL.DcunV2i2fgWtTO/o5/.fvJ1K0/W', 'local', 'a0000000-0000-0000-0000-000000000002', true, NOW()),
    ('c0000000-0000-0000-0000-000000000071', 'nathan.cook@test.local', 'Nathan Cook', '$2a$12$mNnCzm8PEp14utwm7SkZQueqL.DcunV2i2fgWtTO/o5/.fvJ1K0/W', 'local', 'a0000000-0000-0000-0000-000000000002', true, NOW()),
    ('c0000000-0000-0000-0000-000000000072', 'ellie.morgan@test.local', 'Ellie Morgan', '$2a$12$mNnCzm8PEp14utwm7SkZQueqL.DcunV2i2fgWtTO/o5/.fvJ1K0/W', 'local', 'a0000000-0000-0000-0000-000000000002', true, NOW()),
    ('c0000000-0000-0000-0000-000000000073', 'caleb.bell@test.local', 'Caleb Bell', '$2a$12$mNnCzm8PEp14utwm7SkZQueqL.DcunV2i2fgWtTO/o5/.fvJ1K0/W', 'local', 'a0000000-0000-0000-0000-000000000002', true, NOW()),
    ('c0000000-0000-0000-0000-000000000074', 'stella.murphy@test.local', 'Stella Murphy', '$2a$12$mNnCzm8PEp14utwm7SkZQueqL.DcunV2i2fgWtTO/o5/.fvJ1K0/W', 'local', 'a0000000-0000-0000-0000-000000000002', true, NOW()),
    ('c0000000-0000-0000-0000-000000000075', 'isaac.bailey@test.local', 'Isaac Bailey', '$2a$12$mNnCzm8PEp14utwm7SkZQueqL.DcunV2i2fgWtTO/o5/.fvJ1K0/W', 'local', 'a0000000-0000-0000-0000-000000000002', true, NOW()),
    ('c0000000-0000-0000-0000-000000000076', 'savannah.rivera@test.local', 'Savannah Rivera', '$2a$12$mNnCzm8PEp14utwm7SkZQueqL.DcunV2i2fgWtTO/o5/.fvJ1K0/W', 'local', 'a0000000-0000-0000-0000-000000000002', true, NOW()),
    ('c0000000-0000-0000-0000-000000000077', 'ryan.cooper@test.local', 'Ryan Cooper', '$2a$12$mNnCzm8PEp14utwm7SkZQueqL.DcunV2i2fgWtTO/o5/.fvJ1K0/W', 'local', 'a0000000-0000-0000-0000-000000000002', true, NOW()),
    ('c0000000-0000-0000-0000-000000000078', 'victoria.richardson@test.local', 'Victoria Richardson', '$2a$12$mNnCzm8PEp14utwm7SkZQueqL.DcunV2i2fgWtTO/o5/.fvJ1K0/W', 'local', 'a0000000-0000-0000-0000-000000000002', true, NOW()),
    ('c0000000-0000-0000-0000-000000000079', 'leo.cox@test.local', 'Leo Cox', '$2a$12$mNnCzm8PEp14utwm7SkZQueqL.DcunV2i2fgWtTO/o5/.fvJ1K0/W', 'local', 'a0000000-0000-0000-0000-000000000002', true, NOW()),
    ('c0000000-0000-0000-0000-000000000080', 'hazel.howard@test.local', 'Hazel Howard', '$2a$12$mNnCzm8PEp14utwm7SkZQueqL.DcunV2i2fgWtTO/o5/.fvJ1K0/W', 'local', 'a0000000-0000-0000-0000-000000000002', true, NOW()),
    ('c0000000-0000-0000-0000-000000000081', 'asher.ward@test.local', 'Asher Ward', '$2a$12$mNnCzm8PEp14utwm7SkZQueqL.DcunV2i2fgWtTO/o5/.fvJ1K0/W', 'local', 'a0000000-0000-0000-0000-000000000002', true, NOW()),
    ('c0000000-0000-0000-0000-000000000082', 'aurora.torres@test.local', 'Aurora Torres', '$2a$12$mNnCzm8PEp14utwm7SkZQueqL.DcunV2i2fgWtTO/o5/.fvJ1K0/W', 'local', 'a0000000-0000-0000-0000-000000000002', true, NOW()),
    ('c0000000-0000-0000-0000-000000000083', 'thomas.peterson@test.local', 'Thomas Peterson', '$2a$12$mNnCzm8PEp14utwm7SkZQueqL.DcunV2i2fgWtTO/o5/.fvJ1K0/W', 'local', 'a0000000-0000-0000-0000-000000000002', true, NOW()),
    ('c0000000-0000-0000-0000-000000000084', 'paisley.gray@test.local', 'Paisley Gray', '$2a$12$mNnCzm8PEp14utwm7SkZQueqL.DcunV2i2fgWtTO/o5/.fvJ1K0/W', 'local', 'a0000000-0000-0000-0000-000000000002', true, NOW()),
    ('c0000000-0000-0000-0000-000000000085', 'charles.ramirez@test.local', 'Charles Ramirez', '$2a$12$mNnCzm8PEp14utwm7SkZQueqL.DcunV2i2fgWtTO/o5/.fvJ1K0/W', 'local', 'a0000000-0000-0000-0000-000000000002', true, NOW()),
    ('c0000000-0000-0000-0000-000000000086', 'skylar.james@test.local', 'Skylar James', '$2a$12$mNnCzm8PEp14utwm7SkZQueqL.DcunV2i2fgWtTO/o5/.fvJ1K0/W', 'local', 'a0000000-0000-0000-0000-000000000002', true, NOW()),
    ('c0000000-0000-0000-0000-000000000087', 'christopher.watson@test.local', 'Christopher Watson', '$2a$12$mNnCzm8PEp14utwm7SkZQueqL.DcunV2i2fgWtTO/o5/.fvJ1K0/W', 'local', 'a0000000-0000-0000-0000-000000000002', true, NOW()),
    ('c0000000-0000-0000-0000-000000000088', 'maya.brooks@test.local', 'Maya Brooks', '$2a$12$mNnCzm8PEp14utwm7SkZQueqL.DcunV2i2fgWtTO/o5/.fvJ1K0/W', 'local', 'a0000000-0000-0000-0000-000000000002', true, NOW()),
    ('c0000000-0000-0000-0000-000000000089', 'joshua.kelly@test.local', 'Joshua Kelly', '$2a$12$mNnCzm8PEp14utwm7SkZQueqL.DcunV2i2fgWtTO/o5/.fvJ1K0/W', 'local', 'a0000000-0000-0000-0000-000000000002', true, NOW()),
    ('c0000000-0000-0000-0000-000000000090', 'elena.sanders@test.local', 'Elena Sanders', '$2a$12$mNnCzm8PEp14utwm7SkZQueqL.DcunV2i2fgWtTO/o5/.fvJ1K0/W', 'local', 'a0000000-0000-0000-0000-000000000002', true, NOW()),
    ('c0000000-0000-0000-0000-000000000091', 'andrew.price@test.local', 'Andrew Price', '$2a$12$mNnCzm8PEp14utwm7SkZQueqL.DcunV2i2fgWtTO/o5/.fvJ1K0/W', 'local', 'a0000000-0000-0000-0000-000000000002', true, NOW()),
    ('c0000000-0000-0000-0000-000000000092', 'naomi.bennett@test.local', 'Naomi Bennett', '$2a$12$mNnCzm8PEp14utwm7SkZQueqL.DcunV2i2fgWtTO/o5/.fvJ1K0/W', 'local', 'a0000000-0000-0000-0000-000000000002', true, NOW()),
    ('c0000000-0000-0000-0000-000000000093', 'lincoln.wood@test.local', 'Lincoln Wood', '$2a$12$mNnCzm8PEp14utwm7SkZQueqL.DcunV2i2fgWtTO/o5/.fvJ1K0/W', 'local', 'a0000000-0000-0000-0000-000000000002', true, NOW()),
    ('c0000000-0000-0000-0000-000000000094', 'claire.barnes@test.local', 'Claire Barnes', '$2a$12$mNnCzm8PEp14utwm7SkZQueqL.DcunV2i2fgWtTO/o5/.fvJ1K0/W', 'local', 'a0000000-0000-0000-0000-000000000002', true, NOW()),
    -- Additional Operations team members (25 users)
    ('c0000000-0000-0000-0000-000000000095', 'jaxon.ross@test.local', 'Jaxon Ross', '$2a$12$mNnCzm8PEp14utwm7SkZQueqL.DcunV2i2fgWtTO/o5/.fvJ1K0/W', 'local', 'a0000000-0000-0000-0000-000000000003', true, NOW()),
    ('c0000000-0000-0000-0000-000000000096', 'ivy.henderson@test.local', 'Ivy Henderson', '$2a$12$mNnCzm8PEp14utwm7SkZQueqL.DcunV2i2fgWtTO/o5/.fvJ1K0/W', 'local', 'a0000000-0000-0000-0000-000000000003', true, NOW()),
    ('c0000000-0000-0000-0000-000000000097', 'hunter.coleman@test.local', 'Hunter Coleman', '$2a$12$mNnCzm8PEp14utwm7SkZQueqL.DcunV2i2fgWtTO/o5/.fvJ1K0/W', 'local', 'a0000000-0000-0000-0000-000000000003', true, NOW()),
    ('c0000000-0000-0000-0000-000000000098', 'kinsley.jenkins@test.local', 'Kinsley Jenkins', '$2a$12$mNnCzm8PEp14utwm7SkZQueqL.DcunV2i2fgWtTO/o5/.fvJ1K0/W', 'local', 'a0000000-0000-0000-0000-000000000003', true, NOW()),
    ('c0000000-0000-0000-0000-000000000099', 'christian.perry@test.local', 'Christian Perry', '$2a$12$mNnCzm8PEp14utwm7SkZQueqL.DcunV2i2fgWtTO/o5/.fvJ1K0/W', 'local', 'a0000000-0000-0000-0000-000000000003', true, NOW()),
    ('c0000000-0000-0000-0000-000000000100', 'madelyn.powell@test.local', 'Madelyn Powell', '$2a$12$mNnCzm8PEp14utwm7SkZQueqL.DcunV2i2fgWtTO/o5/.fvJ1K0/W', 'local', 'a0000000-0000-0000-0000-000000000003', true, NOW()),
    ('c0000000-0000-0000-0000-000000000101', 'landon.long@test.local', 'Landon Long', '$2a$12$mNnCzm8PEp14utwm7SkZQueqL.DcunV2i2fgWtTO/o5/.fvJ1K0/W', 'local', 'a0000000-0000-0000-0000-000000000003', true, NOW()),
    ('c0000000-0000-0000-0000-000000000102', 'nevaeh.patterson@test.local', 'Nevaeh Patterson', '$2a$12$mNnCzm8PEp14utwm7SkZQueqL.DcunV2i2fgWtTO/o5/.fvJ1K0/W', 'local', 'a0000000-0000-0000-0000-000000000003', true, NOW()),
    ('c0000000-0000-0000-0000-000000000103', 'jonathan.hughes@test.local', 'Jonathan Hughes', '$2a$12$mNnCzm8PEp14utwm7SkZQueqL.DcunV2i2fgWtTO/o5/.fvJ1K0/W', 'local', 'a0000000-0000-0000-0000-000000000003', true, NOW()),
    ('c0000000-0000-0000-0000-000000000104', 'leah.flores@test.local', 'Leah Flores', '$2a$12$mNnCzm8PEp14utwm7SkZQueqL.DcunV2i2fgWtTO/o5/.fvJ1K0/W', 'local', 'a0000000-0000-0000-0000-000000000003', true, NOW()),
    ('c0000000-0000-0000-0000-000000000105', 'grayson.washington@test.local', 'Grayson Washington', '$2a$12$mNnCzm8PEp14utwm7SkZQueqL.DcunV2i2fgWtTO/o5/.fvJ1K0/W', 'local', 'a0000000-0000-0000-0000-000000000003', true, NOW()),
    ('c0000000-0000-0000-0000-000000000106', 'samantha.butler@test.local', 'Samantha Butler', '$2a$12$mNnCzm8PEp14utwm7SkZQueqL.DcunV2i2fgWtTO/o5/.fvJ1K0/W', 'local', 'a0000000-0000-0000-0000-000000000003', true, NOW()),
    ('c0000000-0000-0000-0000-000000000107', 'julian.simmons@test.local', 'Julian Simmons', '$2a$12$mNnCzm8PEp14utwm7SkZQueqL.DcunV2i2fgWtTO/o5/.fvJ1K0/W', 'local', 'a0000000-0000-0000-0000-000000000003', true, NOW()),
    ('c0000000-0000-0000-0000-000000000108', 'ruby.foster@test.local', 'Ruby Foster', '$2a$12$mNnCzm8PEp14utwm7SkZQueqL.DcunV2i2fgWtTO/o5/.fvJ1K0/W', 'local', 'a0000000-0000-0000-0000-000000000003', true, NOW()),
    ('c0000000-0000-0000-0000-000000000109', 'levi.gonzales@test.local', 'Levi Gonzales', '$2a$12$mNnCzm8PEp14utwm7SkZQueqL.DcunV2i2fgWtTO/o5/.fvJ1K0/W', 'local', 'a0000000-0000-0000-0000-000000000003', true, NOW()),
    ('c0000000-0000-0000-0000-000000000110', 'piper.bryant@test.local', 'Piper Bryant', '$2a$12$mNnCzm8PEp14utwm7SkZQueqL.DcunV2i2fgWtTO/o5/.fvJ1K0/W', 'local', 'a0000000-0000-0000-0000-000000000003', true, NOW()),
    ('c0000000-0000-0000-0000-000000000111', 'mateo.alexander@test.local', 'Mateo Alexander', '$2a$12$mNnCzm8PEp14utwm7SkZQueqL.DcunV2i2fgWtTO/o5/.fvJ1K0/W', 'local', 'a0000000-0000-0000-0000-000000000003', true, NOW()),
    ('c0000000-0000-0000-0000-000000000112', 'eva.russell@test.local', 'Eva Russell', '$2a$12$mNnCzm8PEp14utwm7SkZQueqL.DcunV2i2fgWtTO/o5/.fvJ1K0/W', 'local', 'a0000000-0000-0000-0000-000000000003', true, NOW()),
    ('c0000000-0000-0000-0000-000000000113', 'dominic.griffin@test.local', 'Dominic Griffin', '$2a$12$mNnCzm8PEp14utwm7SkZQueqL.DcunV2i2fgWtTO/o5/.fvJ1K0/W', 'local', 'a0000000-0000-0000-0000-000000000003', true, NOW()),
    ('c0000000-0000-0000-0000-000000000114', 'willow.diaz@test.local', 'Willow Diaz', '$2a$12$mNnCzm8PEp14utwm7SkZQueqL.DcunV2i2fgWtTO/o5/.fvJ1K0/W', 'local', 'a0000000-0000-0000-0000-000000000003', true, NOW()),
    ('c0000000-0000-0000-0000-000000000115', 'adam.hayes@test.local', 'Adam Hayes', '$2a$12$mNnCzm8PEp14utwm7SkZQueqL.DcunV2i2fgWtTO/o5/.fvJ1K0/W', 'local', 'a0000000-0000-0000-0000-000000000003', true, NOW()),
    ('c0000000-0000-0000-0000-000000000116', 'gabriella.myers@test.local', 'Gabriella Myers', '$2a$12$mNnCzm8PEp14utwm7SkZQueqL.DcunV2i2fgWtTO/o5/.fvJ1K0/W', 'local', 'a0000000-0000-0000-0000-000000000003', true, NOW()),
    ('c0000000-0000-0000-0000-000000000117', 'anthony.ford@test.local', 'Anthony Ford', '$2a$12$mNnCzm8PEp14utwm7SkZQueqL.DcunV2i2fgWtTO/o5/.fvJ1K0/W', 'local', 'a0000000-0000-0000-0000-000000000003', true, NOW()),
    ('c0000000-0000-0000-0000-000000000118', 'aaliyah.hamilton@test.local', 'Aaliyah Hamilton', '$2a$12$mNnCzm8PEp14utwm7SkZQueqL.DcunV2i2fgWtTO/o5/.fvJ1K0/W', 'local', 'a0000000-0000-0000-0000-000000000003', true, NOW()),
    ('c0000000-0000-0000-0000-000000000119', 'robert.graham@test.local', 'Robert Graham', '$2a$12$mNnCzm8PEp14utwm7SkZQueqL.DcunV2i2fgWtTO/o5/.fvJ1K0/W', 'local', 'a0000000-0000-0000-0000-000000000003', true, NOW())
ON CONFLICT (id) DO NOTHING;

-- Assign roles to users (all additional users get Member role)
INSERT INTO user_roles (user_id, role_id, assigned_at) VALUES
    ('c0000000-0000-0000-0000-000000000001', 'b0000001-0000-0000-0000-000000000002', NOW()), -- Admin role
    ('c0000000-0000-0000-0000-000000000002', 'b0000001-0000-0000-0000-000000000001', NOW()),
    ('c0000000-0000-0000-0000-000000000003', 'b0000001-0000-0000-0000-000000000001', NOW()),
    ('c0000000-0000-0000-0000-000000000011', 'b0000001-0000-0000-0000-000000000001', NOW()),
    ('c0000000-0000-0000-0000-000000000012', 'b0000001-0000-0000-0000-000000000001', NOW()),
    ('c0000000-0000-0000-0000-000000000013', 'b0000001-0000-0000-0000-000000000001', NOW()),
    ('c0000000-0000-0000-0000-000000000014', 'b0000001-0000-0000-0000-000000000001', NOW()),
    ('c0000000-0000-0000-0000-000000000015', 'b0000001-0000-0000-0000-000000000001', NOW()),
    -- Additional Engineering members
    ('c0000000-0000-0000-0000-000000000020', 'b0000001-0000-0000-0000-000000000001', NOW()),
    ('c0000000-0000-0000-0000-000000000021', 'b0000001-0000-0000-0000-000000000001', NOW()),
    ('c0000000-0000-0000-0000-000000000022', 'b0000001-0000-0000-0000-000000000001', NOW()),
    ('c0000000-0000-0000-0000-000000000023', 'b0000001-0000-0000-0000-000000000001', NOW()),
    ('c0000000-0000-0000-0000-000000000024', 'b0000001-0000-0000-0000-000000000001', NOW()),
    ('c0000000-0000-0000-0000-000000000025', 'b0000001-0000-0000-0000-000000000001', NOW()),
    ('c0000000-0000-0000-0000-000000000026', 'b0000001-0000-0000-0000-000000000001', NOW()),
    ('c0000000-0000-0000-0000-000000000027', 'b0000001-0000-0000-0000-000000000001', NOW()),
    ('c0000000-0000-0000-0000-000000000028', 'b0000001-0000-0000-0000-000000000001', NOW()),
    ('c0000000-0000-0000-0000-000000000029', 'b0000001-0000-0000-0000-000000000001', NOW()),
    ('c0000000-0000-0000-0000-000000000030', 'b0000001-0000-0000-0000-000000000001', NOW()),
    ('c0000000-0000-0000-0000-000000000031', 'b0000001-0000-0000-0000-000000000001', NOW()),
    ('c0000000-0000-0000-0000-000000000032', 'b0000001-0000-0000-0000-000000000001', NOW()),
    ('c0000000-0000-0000-0000-000000000033', 'b0000001-0000-0000-0000-000000000001', NOW()),
    ('c0000000-0000-0000-0000-000000000034', 'b0000001-0000-0000-0000-000000000001', NOW()),
    ('c0000000-0000-0000-0000-000000000035', 'b0000001-0000-0000-0000-000000000001', NOW()),
    ('c0000000-0000-0000-0000-000000000036', 'b0000001-0000-0000-0000-000000000001', NOW()),
    ('c0000000-0000-0000-0000-000000000037', 'b0000001-0000-0000-0000-000000000001', NOW()),
    ('c0000000-0000-0000-0000-000000000038', 'b0000001-0000-0000-0000-000000000001', NOW()),
    ('c0000000-0000-0000-0000-000000000039', 'b0000001-0000-0000-0000-000000000001', NOW()),
    ('c0000000-0000-0000-0000-000000000040', 'b0000001-0000-0000-0000-000000000001', NOW()),
    ('c0000000-0000-0000-0000-000000000041', 'b0000001-0000-0000-0000-000000000001', NOW()),
    ('c0000000-0000-0000-0000-000000000042', 'b0000001-0000-0000-0000-000000000001', NOW()),
    ('c0000000-0000-0000-0000-000000000043', 'b0000001-0000-0000-0000-000000000001', NOW()),
    ('c0000000-0000-0000-0000-000000000044', 'b0000001-0000-0000-0000-000000000001', NOW()),
    ('c0000000-0000-0000-0000-000000000045', 'b0000001-0000-0000-0000-000000000001', NOW()),
    ('c0000000-0000-0000-0000-000000000046', 'b0000001-0000-0000-0000-000000000001', NOW()),
    ('c0000000-0000-0000-0000-000000000047', 'b0000001-0000-0000-0000-000000000001', NOW()),
    ('c0000000-0000-0000-0000-000000000048', 'b0000001-0000-0000-0000-000000000001', NOW()),
    ('c0000000-0000-0000-0000-000000000049', 'b0000001-0000-0000-0000-000000000001', NOW()),
    ('c0000000-0000-0000-0000-000000000050', 'b0000001-0000-0000-0000-000000000001', NOW()),
    ('c0000000-0000-0000-0000-000000000051', 'b0000001-0000-0000-0000-000000000001', NOW()),
    ('c0000000-0000-0000-0000-000000000052', 'b0000001-0000-0000-0000-000000000001', NOW()),
    ('c0000000-0000-0000-0000-000000000053', 'b0000001-0000-0000-0000-000000000001', NOW()),
    ('c0000000-0000-0000-0000-000000000054', 'b0000001-0000-0000-0000-000000000001', NOW()),
    ('c0000000-0000-0000-0000-000000000055', 'b0000001-0000-0000-0000-000000000001', NOW()),
    ('c0000000-0000-0000-0000-000000000056', 'b0000001-0000-0000-0000-000000000001', NOW()),
    ('c0000000-0000-0000-0000-000000000057', 'b0000001-0000-0000-0000-000000000001', NOW()),
    ('c0000000-0000-0000-0000-000000000058', 'b0000001-0000-0000-0000-000000000001', NOW()),
    ('c0000000-0000-0000-0000-000000000059', 'b0000001-0000-0000-0000-000000000001', NOW()),
    -- Additional Design members
    ('c0000000-0000-0000-0000-000000000060', 'b0000001-0000-0000-0000-000000000001', NOW()),
    ('c0000000-0000-0000-0000-000000000061', 'b0000001-0000-0000-0000-000000000001', NOW()),
    ('c0000000-0000-0000-0000-000000000062', 'b0000001-0000-0000-0000-000000000001', NOW()),
    ('c0000000-0000-0000-0000-000000000063', 'b0000001-0000-0000-0000-000000000001', NOW()),
    ('c0000000-0000-0000-0000-000000000064', 'b0000001-0000-0000-0000-000000000001', NOW()),
    ('c0000000-0000-0000-0000-000000000065', 'b0000001-0000-0000-0000-000000000001', NOW()),
    ('c0000000-0000-0000-0000-000000000066', 'b0000001-0000-0000-0000-000000000001', NOW()),
    ('c0000000-0000-0000-0000-000000000067', 'b0000001-0000-0000-0000-000000000001', NOW()),
    ('c0000000-0000-0000-0000-000000000068', 'b0000001-0000-0000-0000-000000000001', NOW()),
    ('c0000000-0000-0000-0000-000000000069', 'b0000001-0000-0000-0000-000000000001', NOW()),
    ('c0000000-0000-0000-0000-000000000070', 'b0000001-0000-0000-0000-000000000001', NOW()),
    ('c0000000-0000-0000-0000-000000000071', 'b0000001-0000-0000-0000-000000000001', NOW()),
    ('c0000000-0000-0000-0000-000000000072', 'b0000001-0000-0000-0000-000000000001', NOW()),
    ('c0000000-0000-0000-0000-000000000073', 'b0000001-0000-0000-0000-000000000001', NOW()),
    ('c0000000-0000-0000-0000-000000000074', 'b0000001-0000-0000-0000-000000000001', NOW()),
    ('c0000000-0000-0000-0000-000000000075', 'b0000001-0000-0000-0000-000000000001', NOW()),
    ('c0000000-0000-0000-0000-000000000076', 'b0000001-0000-0000-0000-000000000001', NOW()),
    ('c0000000-0000-0000-0000-000000000077', 'b0000001-0000-0000-0000-000000000001', NOW()),
    ('c0000000-0000-0000-0000-000000000078', 'b0000001-0000-0000-0000-000000000001', NOW()),
    ('c0000000-0000-0000-0000-000000000079', 'b0000001-0000-0000-0000-000000000001', NOW()),
    ('c0000000-0000-0000-0000-000000000080', 'b0000001-0000-0000-0000-000000000001', NOW()),
    ('c0000000-0000-0000-0000-000000000081', 'b0000001-0000-0000-0000-000000000001', NOW()),
    ('c0000000-0000-0000-0000-000000000082', 'b0000001-0000-0000-0000-000000000001', NOW()),
    ('c0000000-0000-0000-0000-000000000083', 'b0000001-0000-0000-0000-000000000001', NOW()),
    ('c0000000-0000-0000-0000-000000000084', 'b0000001-0000-0000-0000-000000000001', NOW()),
    ('c0000000-0000-0000-0000-000000000085', 'b0000001-0000-0000-0000-000000000001', NOW()),
    ('c0000000-0000-0000-0000-000000000086', 'b0000001-0000-0000-0000-000000000001', NOW()),
    ('c0000000-0000-0000-0000-000000000087', 'b0000001-0000-0000-0000-000000000001', NOW()),
    ('c0000000-0000-0000-0000-000000000088', 'b0000001-0000-0000-0000-000000000001', NOW()),
    ('c0000000-0000-0000-0000-000000000089', 'b0000001-0000-0000-0000-000000000001', NOW()),
    ('c0000000-0000-0000-0000-000000000090', 'b0000001-0000-0000-0000-000000000001', NOW()),
    ('c0000000-0000-0000-0000-000000000091', 'b0000001-0000-0000-0000-000000000001', NOW()),
    ('c0000000-0000-0000-0000-000000000092', 'b0000001-0000-0000-0000-000000000001', NOW()),
    ('c0000000-0000-0000-0000-000000000093', 'b0000001-0000-0000-0000-000000000001', NOW()),
    ('c0000000-0000-0000-0000-000000000094', 'b0000001-0000-0000-0000-000000000001', NOW()),
    -- Additional Operations members
    ('c0000000-0000-0000-0000-000000000095', 'b0000001-0000-0000-0000-000000000001', NOW()),
    ('c0000000-0000-0000-0000-000000000096', 'b0000001-0000-0000-0000-000000000001', NOW()),
    ('c0000000-0000-0000-0000-000000000097', 'b0000001-0000-0000-0000-000000000001', NOW()),
    ('c0000000-0000-0000-0000-000000000098', 'b0000001-0000-0000-0000-000000000001', NOW()),
    ('c0000000-0000-0000-0000-000000000099', 'b0000001-0000-0000-0000-000000000001', NOW()),
    ('c0000000-0000-0000-0000-000000000100', 'b0000001-0000-0000-0000-000000000001', NOW()),
    ('c0000000-0000-0000-0000-000000000101', 'b0000001-0000-0000-0000-000000000001', NOW()),
    ('c0000000-0000-0000-0000-000000000102', 'b0000001-0000-0000-0000-000000000001', NOW()),
    ('c0000000-0000-0000-0000-000000000103', 'b0000001-0000-0000-0000-000000000001', NOW()),
    ('c0000000-0000-0000-0000-000000000104', 'b0000001-0000-0000-0000-000000000001', NOW()),
    ('c0000000-0000-0000-0000-000000000105', 'b0000001-0000-0000-0000-000000000001', NOW()),
    ('c0000000-0000-0000-0000-000000000106', 'b0000001-0000-0000-0000-000000000001', NOW()),
    ('c0000000-0000-0000-0000-000000000107', 'b0000001-0000-0000-0000-000000000001', NOW()),
    ('c0000000-0000-0000-0000-000000000108', 'b0000001-0000-0000-0000-000000000001', NOW()),
    ('c0000000-0000-0000-0000-000000000109', 'b0000001-0000-0000-0000-000000000001', NOW()),
    ('c0000000-0000-0000-0000-000000000110', 'b0000001-0000-0000-0000-000000000001', NOW()),
    ('c0000000-0000-0000-0000-000000000111', 'b0000001-0000-0000-0000-000000000001', NOW()),
    ('c0000000-0000-0000-0000-000000000112', 'b0000001-0000-0000-0000-000000000001', NOW()),
    ('c0000000-0000-0000-0000-000000000113', 'b0000001-0000-0000-0000-000000000001', NOW()),
    ('c0000000-0000-0000-0000-000000000114', 'b0000001-0000-0000-0000-000000000001', NOW()),
    ('c0000000-0000-0000-0000-000000000115', 'b0000001-0000-0000-0000-000000000001', NOW()),
    ('c0000000-0000-0000-0000-000000000116', 'b0000001-0000-0000-0000-000000000001', NOW()),
    ('c0000000-0000-0000-0000-000000000117', 'b0000001-0000-0000-0000-000000000001', NOW()),
    ('c0000000-0000-0000-0000-000000000118', 'b0000001-0000-0000-0000-000000000001', NOW()),
    ('c0000000-0000-0000-0000-000000000119', 'b0000001-0000-0000-0000-000000000001', NOW())
ON CONFLICT (user_id, role_id) DO NOTHING;

-- Categories (use fixed IDs matching the system categories created in 000006)
-- Get existing category IDs for use in rules below
-- Note: We'll use the existing system categories created in migration 000006

-- Test rules (category_id set to NULL - can be linked to system categories later)
INSERT INTO rules (id, name, description, content, target_layer, priority_weight, team_id, status, enforcement_mode, category_id, tags, created_by, created_at, updated_at) VALUES
    ('d0000000-0000-0000-0000-000000000001', 'Standard CLAUDE.md', 'Base template for all CLAUDE.md files', E'# Project Guidelines\n\n## Code Style\n- Use TypeScript for all new code\n- Follow ESLint configuration\n- Write meaningful commit messages\n\n## Testing\n- Minimum 80% code coverage\n- Write unit tests for all new features', 'project', 10, 'a0000000-0000-0000-0000-000000000001', 'approved', 'block', NULL, ARRAY['typescript', 'standards'], 'c0000000-0000-0000-0000-000000000001', NOW(), NOW()),
    ('d0000000-0000-0000-0000-000000000002', 'Security Requirements', 'Security standards for all projects', E'# Security Guidelines\n\n## Authentication\n- Use JWT tokens with short expiry\n- Implement refresh token rotation\n\n## Data Protection\n- Encrypt sensitive data at rest\n- Use HTTPS for all communications', 'organization', 100, NULL, 'approved', 'block', NULL, ARRAY['security', 'compliance'], 'c0000000-0000-0000-0000-000000000001', NOW(), NOW()),
    ('d0000000-0000-0000-0000-000000000003', 'API Documentation', 'API documentation requirements', E'# API Documentation\n\n## Requirements\n- Document all public endpoints\n- Include request/response examples\n- Specify error codes and messages', 'team', 20, 'a0000000-0000-0000-0000-000000000001', 'draft', 'warning', NULL, ARRAY['api', 'docs'], 'c0000000-0000-0000-0000-000000000002', NOW(), NOW()),
    ('d0000000-0000-0000-0000-000000000004', 'Testing Standards', 'Testing requirements for the Engineering team', E'# Testing Standards\n\n## Unit Tests\n- Test all business logic\n- Mock external dependencies\n\n## Integration Tests\n- Test API endpoints\n- Test database operations', 'project', 15, 'a0000000-0000-0000-0000-000000000001', 'pending', 'block', NULL, ARRAY['testing', 'quality'], 'c0000000-0000-0000-0000-000000000002', NOW(), NOW())
ON CONFLICT (id) DO NOTHING;

-- Team invite codes (max 8 characters)
INSERT INTO team_invites (id, team_id, code, created_by, expires_at, max_uses, use_count, created_at) VALUES
    ('f0000000-0000-0000-0000-000000000001', 'a0000000-0000-0000-0000-000000000001', 'ENGJOIN', 'c0000000-0000-0000-0000-000000000001', NOW() + INTERVAL '30 days', 100, 0, NOW()),
    ('f0000000-0000-0000-0000-000000000002', 'a0000000-0000-0000-0000-000000000002', 'DESNJOIN', 'c0000000-0000-0000-0000-000000000001', NOW() + INTERVAL '30 days', 50, 0, NOW()),
    ('f0000000-0000-0000-0000-000000000003', 'a0000000-0000-0000-0000-000000000003', 'OPSJOIN', 'c0000000-0000-0000-0000-000000000001', NOW() + INTERVAL '30 days', 50, 0, NOW())
ON CONFLICT (id) DO NOTHING;

-- Test notifications for admin user
INSERT INTO notifications (id, user_id, team_id, type, title, body, metadata, read_at, created_at) VALUES
    ('e0000000-0000-0000-0000-000000000001', 'c0000000-0000-0000-0000-000000000001', 'a0000000-0000-0000-0000-000000000001', 'change_detected', 'Unauthorized change detected', 'CLAUDE.md was modified in project frontend-app by Alex Rivera. The change violates the "Standard CLAUDE.md" rule.', '{"rule_id": "d0000000-0000-0000-0000-000000000001", "project": "frontend-app", "agent": "Alex Rivera", "file_path": "CLAUDE.md"}', NULL, NOW() - INTERVAL '30 minutes'),
    ('e0000000-0000-0000-0000-000000000002', 'c0000000-0000-0000-0000-000000000001', 'a0000000-0000-0000-0000-000000000001', 'approval_required', 'Rule approval requested', 'Jordan Kim has requested approval for "Testing Standards" rule. This rule enforces testing requirements for the Engineering team.', '{"rule_id": "d0000000-0000-0000-0000-000000000004", "requester": "Jordan Kim"}', NULL, NOW() - INTERVAL '2 hours'),
    ('e0000000-0000-0000-0000-000000000003', 'c0000000-0000-0000-0000-000000000001', 'a0000000-0000-0000-0000-000000000001', 'change_approved', 'Change approved', 'The exception request for temporary deployment in project api-service has been approved by Sarah Chen.', '{"project": "api-service", "approver": "Sarah Chen", "reason": "Emergency hotfix deployment"}', NOW() - INTERVAL '1 hour', NOW() - INTERVAL '5 hours'),
    ('e0000000-0000-0000-0000-000000000004', 'c0000000-0000-0000-0000-000000000001', NULL, 'exception_granted', 'Exception granted', 'A temporary exception has been granted for project mobile-app to bypass Security Requirements until end of sprint. Requested by Mike Johnson.', '{"rule_id": "d0000000-0000-0000-0000-000000000002", "project": "mobile-app", "expires_at": "2026-02-20", "requester": "Mike Johnson"}', NULL, NOW() - INTERVAL '1 day'),
    ('e0000000-0000-0000-0000-000000000005', 'c0000000-0000-0000-0000-000000000001', 'a0000000-0000-0000-0000-000000000001', 'change_auto_reverted', 'Change auto-reverted', 'Unauthorized modification to CLAUDE.md in project backend-api was automatically reverted. The blocking rule "Standard CLAUDE.md" prevented the change.', '{"rule_id": "d0000000-0000-0000-0000-000000000001", "project": "backend-api", "file_path": "CLAUDE.md", "agent": "Emma Wilson"}', NULL, NOW() - INTERVAL '3 hours'),
    ('e0000000-0000-0000-0000-000000000006', 'c0000000-0000-0000-0000-000000000001', 'a0000000-0000-0000-0000-000000000002', 'change_rejected', 'Exception request rejected', 'Your exception request for Design team guidelines has been rejected. Reason: The requested changes would violate compliance requirements.', '{"rule_id": "d0000000-0000-0000-0000-000000000003", "reviewer": "Admin User", "reason": "Compliance violation"}', NOW() - INTERVAL '30 minutes', NOW() - INTERVAL '2 days')
ON CONFLICT (id) DO NOTHING;
